{
  "rules": {
    "align": [
      true,
      "parameters",
      "statements"
    ],
    "ban": false,
    "class-name": true,
    "curly": true,
    "eofline": true,
    "forin": true,
    "indent": [
      true,
      "spaces"
    ],
    "interface-name": true,
    "jsdoc-format": true,
    "label-position": true,
    "label-undefined": true,
    "max-line-length": [
      true,
      200
    ],
    "member-access": true,
    "no-any": false,
    "no-arg": true,
    "no-conditional-assignment": true,
    "no-consecutive-blank-lines": true,
    "no-console": [
      true,
      "debug",
      "info",
      "time",
      "timeEnd",
      "trace"
    ],
    "no-construct": true,
    "no-constructor-vars": true,
    "no-debugger": true,
    "no-duplicate-key": true,
    "no-duplicate-variable": true,
    "no-empty": true,
    "no-eval": true,
    "no-inferrable-types": false,
    "no-internal-module": false,
    "no-null-keyword": false,
    "no-require-imports": false,
    "no-shadowed-variable": true,
    "no-string-literal": false,
    "no-switch-case-fall-through": false,
    "no-trailing-whitespace": true,
    "no-unreachable": true,
    "no-unused-expression": true,
    "no-unused-variable": true,
    "no-use-before-declare": true,
    "no-var-keyword": true,
    "no-var-requires": true,
    "object-literal-sort-keys": false,
    "one-line": [
      true,
      "check-open-brace",
      "check-catch",
      "check-else",
      "check-finally",
      "check-whitespace"
    ],
    "quotemark": [
      true,
      "single",
      "avoid-escape"
    ],
    "radix": true,
    "semicolon": [
      true,
      "always"
    ],
    "switch-default": false,
    "trailing-comma": [
      true,
      {
        "multiline": "never",
        "singleline": "never"
      }
    ],
    "triple-equals": [
      true,
      "allow-null-check"
    ],
    "typedef": [
      true,
      "call-signature",
      "parameter",
      "arrow-parameter",
      "property-declaration",
      "variable-declaration",
      "member-variable-declaration"
    ],
    "typedef-whitespace": [
      true,
      {
        "call-signature": "nospace",
        "index-signature": "nospace",
        "parameter": "nospace",
        "property-declaration": "nospace",
        "variable-declaration": "nospace"
      },
      {
        "call-signature": "onespace",
        "index-signature": "onespace",
        "parameter": "onespace",
        "property-declaration": "onespace",
        "variable-declaration": "onespace"
      }
    ],
    "use-strict": false,
    "variable-name": [
      true,
      "allow-leading-underscore",
      "ban-keywords"
    ],
    "whitespace": [
      true,
      "check-branch",
      "check-decl",
      "check-operator",
      "check-separator",
      "check-type"
    ]
  }
}